,State,Year,State_Minimum_Wage,Federal_Minimum_Wage,Victim_Count
0,Alabama,1991,0.0,3.8,0.0
1,Alaska,1991,4.3,3.8,0.0
2,Arizona,1991,0.0,3.8,48.0
3,Arkansas,1991,3.35,3.8,12.0
4,California,1991,4.25,3.8,5.0
5,Colorado,1991,3.0,3.8,128.0
6,Connecticut,1991,4.25,3.8,69.0
7,Delaware,1991,3.8,3.8,29.0
8,District of Columbia,1991,3.7,3.8,6.0
9,Florida,1991,0.0,3.8,0.0
10,Georgia,1991,3.25,3.8,23.0
11,Guam,1991,3.8,3.8,0.0
12,Hawaii,1991,3.85,3.8,0.0
13,Idaho,1991,3.8,3.8,33.0
14,Illinois,1991,3.8,3.8,156.0
15,Indiana,1991,3.35,3.8,0.0
16,Iowa,1991,4.25,3.8,89.0
17,Kansas,1991,2.65,3.8,6.0
18,Kentucky,1991,3.8,3.8,0.0
19,Louisiana,1991,0.0,3.8,0.0
20,Maine,1991,3.85,3.8,0.0
21,Maryland,1991,3.8,3.8,431.0
22,Massachusetts,1991,3.75,3.8,200.0
23,Michigan,1991,3.35,3.8,0.0
24,Minnesota,1991,4.25,3.8,225.0
25,Mississippi,1991,0.0,3.8,1.0
26,Missouri,1991,3.8,3.8,136.0
27,Montana,1991,3.8,3.8,0.0
28,Nebraska,1991,3.35,3.8,0.0
29,Nevada,1991,3.8,3.8,16.0
30,New Hampshire,1991,3.85,3.8,0.0
31,New Jersey,1991,3.8,3.8,894.0
32,New Mexico,1991,3.35,3.8,0.0
33,New York,1991,3.8,3.8,943.0
34,North Carolina,1991,3.35,3.8,0.0
35,North Dakota,1991,3.4,3.8,0.0
36,Ohio,1991,3.8,3.8,80.0
37,Oklahoma,1991,3.8,3.8,99.0
38,Oregon,1991,4.75,3.8,296.0
39,Pennsylvania,1991,3.8,3.8,277.0
40,Puerto Rico,1991,1.2,3.8,0.0
41,Rhode Island,1991,4.25,3.8,0.0
42,South Carolina,1991,0.0,3.8,0.0
43,South Dakota,1991,3.8,3.8,0.0
44,Tennessee,1991,0.0,3.8,1.0
45,Texas,1991,3.35,3.8,95.0
46,U.S. Virgin Islands,1991,4.65,3.8,0.0
47,Utah,1991,3.8,3.8,0.0
48,Vermont,1991,3.85,3.8,0.0
49,Virginia,1991,2.65,3.8,54.0
50,Washington,1991,4.25,3.8,196.0
51,West Virginia,1991,3.35,3.8,0.0
52,Wisconsin,1991,3.8,3.8,41.0
53,Wyoming,1991,1.6,3.8,0.0
54,Alabama,1992,0.0,4.25,4.0
55,Alaska,1992,4.75,4.25,0.0
56,Arizona,1992,0.0,4.25,172.0
57,Arkansas,1992,3.65,4.25,38.0
58,California,1992,4.25,4.25,77.0
59,Colorado,1992,3.0,4.25,261.0
60,Connecticut,1992,4.27,4.25,63.0
61,Delaware,1992,4.25,4.25,47.0
62,District of Columbia,1992,3.9,4.25,14.0
63,Florida,1992,0.0,4.25,333.0
64,Georgia,1992,3.25,4.25,66.0
65,Guam,1992,4.25,4.25,0.0
66,Hawaii,1992,3.85,4.25,0.0
67,Idaho,1992,4.25,4.25,54.0
68,Illinois,1992,4.25,4.25,267.0
69,Indiana,1992,3.35,4.25,20.0
70,Iowa,1992,4.65,4.25,36.0
71,Kansas,1992,2.65,4.25,3.0
72,Kentucky,1992,4.25,4.25,5.0
73,Louisiana,1992,0.0,4.25,13.0
74,Maine,1992,4.25,4.25,19.0
75,Maryland,1992,4.25,4.25,492.0
76,Massachusetts,1992,4.25,4.25,424.0
77,Michigan,1992,3.35,4.25,122.0
78,Minnesota,1992,4.25,4.25,0.0
79,Mississippi,1992,0.0,4.25,0.0
80,Missouri,1992,4.25,4.25,158.0
81,Montana,1992,4.25,4.25,0.0
82,Nebraska,1992,4.25,4.25,0.0
83,Nevada,1992,4.25,4.25,23.0
84,New Hampshire,1992,4.25,4.25,0.0
85,New Jersey,1992,4.25,4.25,1113.0
86,New Mexico,1992,3.35,4.25,0.0
87,New York,1992,4.25,4.25,1112.0
88,North Carolina,1992,3.8,4.25,1.0
89,North Dakota,1992,4.25,4.25,1.0
90,Ohio,1992,4.25,4.25,105.0
91,Oklahoma,1992,4.25,4.25,147.0
92,Oregon,1992,4.75,4.25,376.0
93,Pennsylvania,1992,4.25,4.25,1.0
94,Puerto Rico,1992,1.2,4.25,0.0
95,Rhode Island,1992,4.45,4.25,48.0
96,South Carolina,1992,0.0,4.25,4.0
97,South Dakota,1992,4.25,4.25,0.0
98,Tennessee,1992,0.0,4.25,4.0
99,Texas,1992,3.35,4.25,487.0
100,U.S. Virgin Islands,1992,4.65,4.25,0.0
101,Utah,1992,4.25,4.25,12.0
102,Vermont,1992,4.25,4.25,0.0
103,Virginia,1992,3.65,4.25,102.0
104,Washington,1992,4.25,4.25,375.0
105,West Virginia,1992,3.8,4.25,0.0
106,Wisconsin,1992,3.8,4.25,67.0
107,Wyoming,1992,1.6,4.25,1.0
108,Alabama,1993,0.0,4.25,5.0
109,Alaska,1993,4.75,4.25,24.0
110,Arizona,1993,0.0,4.25,208.0
111,Arkansas,1993,3.65,4.25,13.0
112,California,1993,4.25,4.25,364.0
113,Colorado,1993,3.0,4.25,178.0
114,Connecticut,1993,4.27,4.25,116.0
115,Delaware,1993,4.25,4.25,33.0
116,District of Columbia,1993,3.9,4.25,10.0
117,Florida,1993,0.0,4.25,239.0
118,Georgia,1993,3.25,4.25,75.0
119,Guam,1993,4.25,4.25,0.0
120,Hawaii,1993,3.85,4.25,0.0
121,Idaho,1993,4.25,4.25,70.0
122,Illinois,1993,4.25,4.25,745.0
123,Indiana,1993,3.35,4.25,82.0
124,Iowa,1993,4.65,4.25,39.0
125,Kansas,1993,2.65,4.25,0.0
126,Kentucky,1993,4.25,4.25,13.0
127,Louisiana,1993,0.0,4.25,23.0
128,Maine,1993,4.25,4.25,32.0
129,Maryland,1993,4.25,4.25,405.0
130,Massachusetts,1993,4.25,4.25,343.0
131,Michigan,1993,3.35,4.25,248.0
132,Minnesota,1993,4.25,4.25,0.0
133,Mississippi,1993,0.0,4.25,0.0
134,Missouri,1993,4.25,4.25,167.0
135,Montana,1993,4.25,4.25,21.0
136,Nebraska,1993,4.25,4.25,0.0
137,Nevada,1993,4.25,4.25,12.0
138,New Hampshire,1993,4.25,4.25,0.0
139,New Jersey,1993,4.25,4.25,1100.0
140,New Mexico,1993,3.35,4.25,4.0
141,New York,1993,4.25,4.25,934.0
142,North Carolina,1993,3.8,4.25,10.0
143,North Dakota,1993,4.25,4.25,1.0
144,Ohio,1993,4.25,4.25,260.0
145,Oklahoma,1993,4.25,4.25,61.0
146,Oregon,1993,4.75,4.25,237.0
147,Pennsylvania,1993,4.25,4.25,391.0
148,Puerto Rico,1993,1.2,4.25,0.0
149,Rhode Island,1993,4.45,4.25,62.0
150,South Carolina,1993,0.0,4.25,27.0
151,South Dakota,1993,4.25,4.25,4.0
152,Tennessee,1993,0.0,4.25,2.0
153,Texas,1993,3.35,4.25,418.0
154,U.S. Virgin Islands,1993,4.65,4.25,0.0
155,Utah,1993,4.25,4.25,45.0
156,Vermont,1993,4.25,4.25,1.0
157,Virginia,1993,3.65,4.25,100.0
158,Washington,1993,4.25,4.25,457.0
159,West Virginia,1993,3.8,4.25,0.0
160,Wisconsin,1993,3.8,4.25,19.0
161,Wyoming,1993,1.6,4.25,10.0
162,Alabama,1994,0.0,4.25,0.0
163,Alaska,1994,4.75,4.25,9.0
164,Arizona,1994,0.0,4.25,205.0
165,Arkansas,1994,4.25,4.25,10.0
166,California,1994,4.25,4.25,354.0
167,Colorado,1994,3.0,4.25,174.0
168,Connecticut,1994,4.27,4.25,68.0
169,Delaware,1994,4.25,4.25,42.0
170,District of Columbia,1994,4.25,4.25,2.0
171,Florida,1994,0.0,4.25,214.0
172,Georgia,1994,3.25,4.25,51.0
173,Guam,1994,4.25,4.25,0.0
174,Hawaii,1994,5.25,4.25,0.0
175,Idaho,1994,4.25,4.25,80.0
176,Illinois,1994,4.25,4.25,239.0
177,Indiana,1994,3.35,4.25,32.0
178,Iowa,1994,4.65,4.25,61.0
179,Kansas,1994,2.65,4.25,0.0
180,Kentucky,1994,4.25,4.25,4.0
181,Louisiana,1994,0.0,4.25,9.0
182,Maine,1994,4.25,4.25,7.0
183,Maryland,1994,4.25,4.25,331.0
184,Massachusetts,1994,4.25,4.25,0.0
185,Michigan,1994,3.35,4.25,252.0
186,Minnesota,1994,4.25,4.25,0.0
187,Mississippi,1994,0.0,4.25,6.0
188,Missouri,1994,4.25,4.25,140.0
189,Montana,1994,4.25,4.25,0.0
190,Nebraska,1994,4.25,4.25,0.0
191,Nevada,1994,4.25,4.25,16.0
192,New Hampshire,1994,4.25,4.25,3.0
193,New Jersey,1994,5.05,4.25,895.0
194,New Mexico,1994,4.25,4.25,12.0
195,New York,1994,4.25,4.25,911.0
196,North Carolina,1994,4.25,4.25,7.0
197,North Dakota,1994,4.25,4.25,5.0
198,Ohio,1994,4.25,4.25,357.0
199,Oklahoma,1994,4.25,4.25,20.0
200,Oregon,1994,4.75,4.25,177.0
201,Pennsylvania,1994,4.25,4.25,278.0
202,Puerto Rico,1994,1.2,4.25,0.0
203,Rhode Island,1994,4.45,4.25,37.0
204,South Carolina,1994,0.0,4.25,33.0
205,South Dakota,1994,4.25,4.25,1.0
206,Tennessee,1994,0.0,4.25,20.0
207,Texas,1994,3.35,4.25,365.0
208,U.S. Virgin Islands,1994,4.65,4.25,0.0
209,Utah,1994,4.25,4.25,93.0
210,Vermont,1994,4.25,4.25,12.0
211,Virginia,1994,4.25,4.25,95.0
212,Washington,1994,4.25,4.25,281.0
213,West Virginia,1994,4.25,4.25,0.0
214,Wisconsin,1994,4.25,4.25,40.0
215,Wyoming,1994,1.6,4.25,6.0
216,Alabama,1995,0.0,4.25,0.0
217,Alaska,1995,4.75,4.25,8.0
218,Arizona,1995,0.0,4.25,220.0
219,Arkansas,1995,4.25,4.25,7.0
220,California,1995,4.25,4.25,1751.0
221,Colorado,1995,3.0,4.25,149.0
222,Connecticut,1995,4.27,4.25,87.0
223,Delaware,1995,4.25,4.25,45.0
224,District of Columbia,1995,4.25,4.25,4.0
225,Florida,1995,0.0,4.25,164.0
226,Georgia,1995,3.25,4.25,49.0
227,Guam,1995,4.25,4.25,0.0
228,Hawaii,1995,5.25,4.25,0.0
229,Idaho,1995,4.25,4.25,114.0
230,Illinois,1995,4.25,4.25,146.0
231,Indiana,1995,3.35,4.25,35.0
232,Iowa,1995,4.65,4.25,29.0
233,Kansas,1995,2.65,4.25,0.0
234,Kentucky,1995,4.25,4.25,81.0
235,Louisiana,1995,0.0,4.25,7.0
236,Maine,1995,4.25,4.25,75.0
237,Maryland,1995,4.25,4.25,353.0
238,Massachusetts,1995,4.25,4.25,333.0
239,Michigan,1995,3.35,4.25,407.0
240,Minnesota,1995,4.25,4.25,285.0
241,Mississippi,1995,0.0,4.25,6.0
242,Missouri,1995,4.25,4.25,135.0
243,Montana,1995,4.25,4.25,11.0
244,Nebraska,1995,4.25,4.25,0.0
245,Nevada,1995,4.25,4.25,68.0
246,New Hampshire,1995,4.25,4.25,24.0
247,New Jersey,1995,5.05,4.25,768.0
248,New Mexico,1995,4.25,4.25,24.0
249,New York,1995,4.25,4.25,845.0
250,North Carolina,1995,4.25,4.25,52.0
251,North Dakota,1995,4.25,4.25,3.0
252,Ohio,1995,4.25,4.25,266.0
253,Oklahoma,1995,4.25,4.25,37.0
254,Oregon,1995,4.75,4.25,152.0
255,Pennsylvania,1995,4.25,4.25,284.0
256,Puerto Rico,1995,1.2,4.25,0.0
257,Rhode Island,1995,4.45,4.25,46.0
258,South Carolina,1995,0.0,4.25,26.0
259,South Dakota,1995,4.25,4.25,5.0
260,Tennessee,1995,0.0,4.25,25.0
261,Texas,1995,3.35,4.25,326.0
262,U.S. Virgin Islands,1995,4.65,4.25,0.0
263,Utah,1995,4.25,4.25,107.0
264,Vermont,1995,4.25,4.25,10.0
265,Virginia,1995,4.25,4.25,51.0
266,Washington,1995,4.25,4.25,266.0
267,West Virginia,1995,4.25,4.25,0.0
268,Wisconsin,1995,4.25,4.25,45.0
269,Wyoming,1995,1.6,4.25,19.0
270,Alabama,1996,0.0,4.25,0.0
271,Alaska,1996,4.75,4.25,9.0
272,Arizona,1996,0.0,4.25,250.0
273,Arkansas,1996,4.25,4.25,1.0
274,California,1996,4.25,4.25,2052.0
275,Colorado,1996,3.0,4.25,133.0
276,Connecticut,1996,4.27,4.25,114.0
277,Delaware,1996,4.65,4.25,67.0
278,District of Columbia,1996,5.25,4.25,16.0
279,Florida,1996,0.0,4.25,187.0
280,Georgia,1996,3.25,4.25,28.0
281,Guam,1996,4.25,4.25,0.0
282,Hawaii,1996,5.25,4.25,0.0
283,Idaho,1996,4.25,4.25,72.0
284,Illinois,1996,4.25,4.25,348.0
285,Indiana,1996,3.35,4.25,36.0
286,Iowa,1996,4.65,4.25,43.0
287,Kansas,1996,2.65,4.25,28.0
288,Kentucky,1996,4.25,4.25,109.0
289,Louisiana,1996,0.0,4.25,6.0
290,Maine,1996,4.25,4.25,58.0
291,Maryland,1996,4.25,4.25,387.0
292,Massachusetts,1996,4.75,4.25,456.0
293,Michigan,1996,3.35,4.25,514.0
294,Minnesota,1996,4.25,4.25,268.0
295,Mississippi,1996,0.0,4.25,3.0
296,Missouri,1996,4.25,4.25,150.0
297,Montana,1996,4.25,4.25,10.0
298,Nebraska,1996,4.25,4.25,3.0
299,Nevada,1996,4.25,4.25,44.0
300,New Hampshire,1996,4.25,4.25,1.0
301,New Jersey,1996,5.05,4.25,839.0
302,New Mexico,1996,4.25,4.25,44.0
303,New York,1996,4.25,4.25,903.0
304,North Carolina,1996,4.25,4.25,34.0
305,North Dakota,1996,4.25,4.25,2.0
306,Ohio,1996,4.25,4.25,234.0
307,Oklahoma,1996,4.25,4.25,83.0
308,Oregon,1996,4.75,4.25,172.0
309,Pennsylvania,1996,4.25,4.25,205.0
310,Puerto Rico,1996,1.2,4.25,0.0
311,Rhode Island,1996,4.45,4.25,40.0
312,South Carolina,1996,0.0,4.25,43.0
313,South Dakota,1996,4.25,4.25,3.0
314,Tennessee,1996,0.0,4.25,33.0
315,Texas,1996,3.35,4.25,350.0
316,U.S. Virgin Islands,1996,4.65,4.25,0.0
317,Utah,1996,4.25,4.25,59.0
318,Vermont,1996,4.75,4.25,4.0
319,Virginia,1996,4.25,4.25,100.0
320,Washington,1996,4.9,4.25,198.0
321,West Virginia,1996,4.25,4.25,4.0
322,Wisconsin,1996,4.25,4.25,43.0
323,Wyoming,1996,1.6,4.25,4.0
324,Alabama,1997,0.0,4.75,0.0
325,Alaska,1997,5.25,4.75,10.0
326,Arizona,1997,0.0,4.75,330.0
327,Arkansas,1997,4.25,4.75,0.0
328,California,1997,4.75,4.75,1831.0
329,Colorado,1997,4.75,4.75,115.0
330,Connecticut,1997,4.77,4.75,113.0
331,Delaware,1997,5.0,4.75,58.0
332,District of Columbia,1997,5.75,4.75,6.0
333,Florida,1997,0.0,4.75,127.0
334,Georgia,1997,3.25,4.75,45.0
335,Guam,1997,4.75,4.75,0.0
336,Hawaii,1997,5.25,4.75,0.0
337,Idaho,1997,4.25,4.75,46.0
338,Illinois,1997,4.75,4.75,339.0
339,Indiana,1997,3.35,4.75,62.0
340,Iowa,1997,4.75,4.75,55.0
341,Kansas,1997,2.65,4.75,55.0
342,Kentucky,1997,4.25,4.75,48.0
343,Louisiana,1997,0.0,4.75,4.0
344,Maine,1997,4.75,4.75,57.0
345,Maryland,1997,4.75,4.75,323.0
346,Massachusetts,1997,5.25,4.75,444.0
347,Michigan,1997,3.35,4.75,463.0
348,Minnesota,1997,4.25,4.75,214.0
349,Mississippi,1997,0.0,4.75,0.0
350,Missouri,1997,4.75,4.75,158.0
351,Montana,1997,4.75,4.75,15.0
352,Nebraska,1997,4.25,4.75,3.0
353,Nevada,1997,4.75,4.75,45.0
354,New Hampshire,1997,4.75,4.75,0.0
355,New Jersey,1997,5.05,4.75,694.0
356,New Mexico,1997,4.25,4.75,24.0
357,New York,1997,4.25,4.75,853.0
358,North Carolina,1997,4.25,4.75,42.0
359,North Dakota,1997,4.75,4.75,2.0
360,Ohio,1997,4.25,4.75,265.0
361,Oklahoma,1997,4.75,4.75,41.0
362,Oregon,1997,5.5,4.75,105.0
363,Pennsylvania,1997,4.75,4.75,163.0
364,Puerto Rico,1997,1.2,4.75,0.0
365,Rhode Island,1997,5.15,4.75,43.0
366,South Carolina,1997,0.0,4.75,71.0
367,South Dakota,1997,4.25,4.75,34.0
368,Tennessee,1997,0.0,4.75,57.0
369,Texas,1997,3.35,4.75,338.0
370,U.S. Virgin Islands,1997,4.65,4.75,0.0
371,Utah,1997,4.75,4.75,52.0
372,Vermont,1997,5.0,4.75,3.0
373,Virginia,1997,4.75,4.75,105.0
374,Washington,1997,4.9,4.75,190.0
375,West Virginia,1997,4.25,4.75,3.0
376,Wisconsin,1997,4.75,4.75,50.0
377,Wyoming,1997,1.6,4.75,6.0
378,Alabama,1998,0.0,5.15,0.0
379,Alaska,1998,5.65,5.15,0.0
380,Arizona,1998,0.0,5.15,283.0
381,Arkansas,1998,5.15,5.15,3.0
382,California,1998,5.15,5.15,1749.0
383,Colorado,1998,5.15,5.15,131.0
384,Connecticut,1998,5.18,5.15,111.0
385,Delaware,1998,5.15,5.15,19.0
386,District of Columbia,1998,6.15,5.15,4.0
387,Florida,1998,0.0,5.15,179.0
388,Georgia,1998,3.25,5.15,34.0
389,Guam,1998,5.15,5.15,0.0
390,Hawaii,1998,5.25,5.15,0.0
391,Idaho,1998,5.15,5.15,56.0
392,Illinois,1998,5.15,5.15,277.0
393,Indiana,1998,3.35,5.15,50.0
394,Iowa,1998,5.15,5.15,42.0
395,Kansas,1998,2.65,5.15,54.0
396,Kentucky,1998,4.25,5.15,48.0
397,Louisiana,1998,0.0,5.15,10.0
398,Maine,1998,5.15,5.15,57.0
399,Maryland,1998,5.15,5.15,282.0
400,Massachusetts,1998,5.25,5.15,443.0
401,Michigan,1998,5.15,5.15,392.0
402,Minnesota,1998,5.15,5.15,248.0
403,Mississippi,1998,0.0,5.15,3.0
404,Missouri,1998,5.15,5.15,120.0
405,Montana,1998,5.15,5.15,22.0
406,Nebraska,1998,5.15,5.15,52.0
407,Nevada,1998,5.15,5.15,60.0
408,New Hampshire,1998,5.15,5.15,16.0
409,New Jersey,1998,5.05,5.15,757.0
410,New Mexico,1998,4.25,5.15,31.0
411,New York,1998,4.25,5.15,776.0
412,North Carolina,1998,5.15,5.15,39.0
413,North Dakota,1998,5.15,5.15,2.0
414,Ohio,1998,4.25,5.15,254.0
415,Oklahoma,1998,5.15,5.15,57.0
416,Oregon,1998,6.0,5.15,101.0
417,Pennsylvania,1998,5.15,5.15,164.0
418,Puerto Rico,1998,1.2,5.15,0.0
419,Rhode Island,1998,5.15,5.15,29.0
420,South Carolina,1998,0.0,5.15,66.0
421,South Dakota,1998,5.15,5.15,19.0
422,Tennessee,1998,0.0,5.15,73.0
423,Texas,1998,3.35,5.15,301.0
424,U.S. Virgin Islands,1998,4.65,5.15,0.0
425,Utah,1998,5.15,5.15,67.0
426,Vermont,1998,5.25,5.15,13.0
427,Virginia,1998,5.15,5.15,158.0
428,Washington,1998,4.9,5.15,223.0
429,West Virginia,1998,4.75,5.15,21.0
430,Wisconsin,1998,5.15,5.15,0.0
431,Wyoming,1998,1.6,5.15,6.0
432,Alabama,1999,0.0,5.15,0.0
433,Alaska,1999,5.65,5.15,5.0
434,Arizona,1999,0.0,5.15,252.0
435,Arkansas,1999,5.15,5.15,8.0
436,California,1999,5.15,5.15,1949.0
437,Colorado,1999,5.15,5.15,155.0
438,Connecticut,1999,5.18,5.15,138.0
439,Delaware,1999,5.15,5.15,37.0
440,District of Columbia,1999,6.15,5.15,11.0
441,Florida,1999,0.0,5.15,267.0
442,Georgia,1999,3.25,5.15,36.0
443,Guam,1999,5.15,5.15,0.0
444,Hawaii,1999,5.25,5.15,0.0
445,Idaho,1999,5.15,5.15,34.0
446,Illinois,1999,5.15,5.15,247.0
447,Indiana,1999,3.35,5.15,112.0
448,Iowa,1999,5.15,5.15,31.0
449,Kansas,1999,2.65,5.15,41.0
450,Kentucky,1999,4.25,5.15,71.0
451,Louisiana,1999,0.0,5.15,6.0
452,Maine,1999,5.15,5.15,22.0
453,Maryland,1999,5.15,5.15,230.0
454,Massachusetts,1999,5.25,5.15,448.0
455,Michigan,1999,5.15,5.15,412.0
456,Minnesota,1999,5.15,5.15,226.0
457,Mississippi,1999,0.0,5.15,2.0
458,Missouri,1999,5.15,5.15,84.0
459,Montana,1999,5.15,5.15,28.0
460,Nebraska,1999,5.15,5.15,35.0
461,Nevada,1999,5.15,5.15,75.0
462,New Hampshire,1999,5.15,5.15,20.0
463,New Jersey,1999,5.05,5.15,617.0
464,New Mexico,1999,4.25,5.15,16.0
465,New York,1999,4.25,5.15,590.0
466,North Carolina,1999,5.15,5.15,31.0
467,North Dakota,1999,5.15,5.15,2.0
468,Ohio,1999,4.25,5.15,232.0
469,Oklahoma,1999,5.15,5.15,42.0
470,Oregon,1999,6.0,5.15,123.0
471,Pennsylvania,1999,5.15,5.15,187.0
472,Puerto Rico,1999,1.2,5.15,0.0
473,Rhode Island,1999,5.15,5.15,41.0
474,South Carolina,1999,0.0,5.15,73.0
475,South Dakota,1999,5.15,5.15,14.0
476,Tennessee,1999,0.0,5.15,131.0
477,Texas,1999,3.35,5.15,263.0
478,U.S. Virgin Islands,1999,4.65,5.15,0.0
479,Utah,1999,5.15,5.15,59.0
480,Vermont,1999,5.25,5.15,16.0
481,Virginia,1999,5.15,5.15,211.0
482,Washington,1999,4.9,5.15,229.0
483,West Virginia,1999,4.75,5.15,33.0
484,Wisconsin,1999,5.15,5.15,49.0
485,Wyoming,1999,1.6,5.15,2.0
486,Alabama,2000,0.0,5.15,0.0
487,Alaska,2000,5.65,5.15,4.0
488,Arizona,2000,0.0,5.15,281.0
489,Arkansas,2000,5.15,5.15,3.0
490,California,2000,5.75,5.15,1943.0
491,Colorado,2000,5.15,5.15,101.0
492,Connecticut,2000,6.15,5.15,156.0
493,Delaware,2000,5.65,5.15,34.0
494,District of Columbia,2000,6.15,5.15,6.0
495,Florida,2000,0.0,5.15,240.0
496,Georgia,2000,3.25,5.15,35.0
497,Guam,2000,5.15,5.15,0.0
498,Hawaii,2000,5.25,5.15,0.0
499,Idaho,2000,5.15,5.15,46.0
500,Illinois,2000,5.15,5.15,183.0
501,Indiana,2000,5.15,5.15,114.0
502,Iowa,2000,5.15,5.15,34.0
503,Kansas,2000,2.65,5.15,75.0
504,Kentucky,2000,5.15,5.15,76.0
505,Louisiana,2000,0.0,5.15,12.0
506,Maine,2000,5.15,5.15,28.0
507,Maryland,2000,5.15,5.15,218.0
508,Massachusetts,2000,6.0,5.15,470.0
509,Michigan,2000,5.15,5.15,423.0
510,Minnesota,2000,4.9,5.15,169.0
511,Mississippi,2000,0.0,5.15,2.0
512,Missouri,2000,5.15,5.15,70.0
513,Montana,2000,4.0,5.15,19.0
514,Nebraska,2000,5.15,5.15,17.0
515,Nevada,2000,5.15,5.15,85.0
516,New Hampshire,2000,5.15,5.15,32.0
517,New Jersey,2000,5.15,5.15,652.0
518,New Mexico,2000,4.25,5.15,15.0
519,New York,2000,4.25,5.15,608.0
520,North Carolina,2000,5.15,5.15,39.0
521,North Dakota,2000,5.15,5.15,5.0
522,Ohio,2000,2.8,5.15,255.0
523,Oklahoma,2000,2.0,5.15,80.0
524,Oregon,2000,6.5,5.15,142.0
525,Pennsylvania,2000,5.15,5.15,141.0
526,Puerto Rico,2000,3.61,5.15,0.0
527,Rhode Island,2000,5.65,5.15,48.0
528,South Carolina,2000,0.0,5.15,36.0
529,South Dakota,2000,5.15,5.15,9.0
530,Tennessee,2000,0.0,5.15,236.0
531,Texas,2000,3.35,5.15,287.0
532,U.S. Virgin Islands,2000,4.3,5.15,0.0
533,Utah,2000,5.15,5.15,75.0
534,Vermont,2000,5.75,5.15,19.0
535,Virginia,2000,5.15,5.15,324.0
536,Washington,2000,6.5,5.15,242.0
537,West Virginia,2000,5.15,5.15,74.0
538,Wisconsin,2000,5.15,5.15,47.0
539,Wyoming,2000,1.6,5.15,9.0
540,Alabama,2001,0.0,5.15,0.0
541,Alaska,2001,5.65,5.15,20.0
542,Arizona,2001,0.0,5.15,386.0
543,Arkansas,2001,5.15,5.15,3.0
544,California,2001,6.25,5.15,2246.0
545,Colorado,2001,5.15,5.15,126.0
546,Connecticut,2001,6.4,5.15,171.0
547,Delaware,2001,6.15,5.15,17.0
548,District of Columbia,2001,6.15,5.15,12.0
549,Florida,2001,0.0,5.15,302.0
550,Georgia,2001,3.25,5.15,39.0
551,Guam,2001,5.15,5.15,0.0
552,Hawaii,2001,5.25,5.15,0.0
553,Idaho,2001,5.15,5.15,34.0
554,Illinois,2001,5.15,5.15,282.0
555,Indiana,2001,5.15,5.15,139.0
556,Iowa,2001,5.15,5.15,32.0
557,Kansas,2001,2.65,5.15,82.0
558,Kentucky,2001,5.15,5.15,83.0
559,Louisiana,2001,0.0,5.15,10.0
560,Maine,2001,5.15,5.15,32.0
561,Maryland,2001,5.15,5.15,240.0
562,Massachusetts,2001,6.75,5.15,591.0
563,Michigan,2001,5.15,5.15,442.0
564,Minnesota,2001,4.9,5.15,208.0
565,Mississippi,2001,0.0,5.15,3.0
566,Missouri,2001,5.15,5.15,91.0
567,Montana,2001,4.0,5.15,13.0
568,Nebraska,2001,5.15,5.15,54.0
569,Nevada,2001,5.15,5.15,94.0
570,New Hampshire,2001,5.15,5.15,27.0
571,New Jersey,2001,5.15,5.15,767.0
572,New Mexico,2001,4.25,5.15,20.0
573,New York,2001,5.15,5.15,712.0
574,North Carolina,2001,5.15,5.15,84.0
575,North Dakota,2001,5.15,5.15,16.0
576,Ohio,2001,2.8,5.15,363.0
577,Oklahoma,2001,2.0,5.15,46.0
578,Oregon,2001,6.5,5.15,222.0
579,Pennsylvania,2001,5.15,5.15,141.0
580,Puerto Rico,2001,3.61,5.15,0.0
581,Rhode Island,2001,6.15,5.15,63.0
582,South Carolina,2001,0.0,5.15,57.0
583,South Dakota,2001,5.15,5.15,5.0
584,Tennessee,2001,0.0,5.15,190.0
585,Texas,2001,3.35,5.15,436.0
586,U.S. Virgin Islands,2001,4.3,5.15,0.0
587,Utah,2001,5.15,5.15,66.0
588,Vermont,2001,6.25,5.15,17.0
589,Virginia,2001,5.15,5.15,357.0
590,Washington,2001,6.72,5.15,278.0
591,West Virginia,2001,5.15,5.15,40.0
592,Wisconsin,2001,5.15,5.15,61.0
593,Wyoming,2001,1.6,5.15,10.0
594,Alabama,2002,0.0,5.15,2.0
595,Alaska,2002,5.65,5.15,7.0
596,Arizona,2002,0.0,5.15,241.0
597,Arkansas,2002,5.15,5.15,0.0
598,California,2002,6.75,5.15,1648.0
599,Colorado,2002,5.15,5.15,96.0
600,Connecticut,2002,6.7,5.15,140.0
601,Delaware,2002,6.15,5.15,13.0
602,District of Columbia,2002,6.15,5.15,14.0
603,Florida,2002,0.0,5.15,257.0
604,Georgia,2002,5.15,5.15,31.0
605,Guam,2002,5.15,5.15,0.0
606,Hawaii,2002,5.75,5.15,0.0
607,Idaho,2002,5.15,5.15,43.0
608,Illinois,2002,5.15,5.15,158.0
609,Indiana,2002,5.15,5.15,78.0
610,Iowa,2002,5.15,5.15,47.0
611,Kansas,2002,2.65,5.15,56.0
612,Kentucky,2002,5.15,5.15,79.0
613,Louisiana,2002,0.0,5.15,15.0
614,Maine,2002,5.75,5.15,36.0
615,Maryland,2002,5.15,5.15,217.0
616,Massachusetts,2002,6.75,5.15,427.0
617,Michigan,2002,5.15,5.15,421.0
618,Minnesota,2002,4.9,5.15,203.0
619,Mississippi,2002,0.0,5.15,3.0
620,Missouri,2002,5.15,5.15,65.0
621,Montana,2002,4.0,5.15,13.0
622,Nebraska,2002,5.15,5.15,56.0
623,Nevada,2002,5.15,5.15,62.0
624,New Hampshire,2002,5.15,5.15,30.0
625,New Jersey,2002,5.15,5.15,570.0
626,New Mexico,2002,4.25,5.15,15.0
627,New York,2002,5.15,5.15,693.0
628,North Carolina,2002,5.15,5.15,62.0
629,North Dakota,2002,5.15,5.15,18.0
630,Ohio,2002,2.8,5.15,265.0
631,Oklahoma,2002,2.0,5.15,44.0
632,Oregon,2002,6.5,5.15,61.0
633,Pennsylvania,2002,5.15,5.15,96.0
634,Puerto Rico,2002,3.61,5.15,0.0
635,Rhode Island,2002,6.15,5.15,38.0
636,South Carolina,2002,0.0,5.15,71.0
637,South Dakota,2002,5.15,5.15,4.0
638,Tennessee,2002,0.0,5.15,130.0
639,Texas,2002,5.15,5.15,343.0
640,U.S. Virgin Islands,2002,4.3,5.15,0.0
641,Utah,2002,5.15,5.15,54.0
642,Vermont,2002,6.25,5.15,18.0
643,Virginia,2002,5.15,5.15,291.0
644,Washington,2002,6.9,5.15,173.0
645,West Virginia,2002,5.15,5.15,42.0
646,Wisconsin,2002,5.15,5.15,34.0
647,Wyoming,2002,5.15,5.15,5.0
648,Alabama,2003,0.0,5.15,1.0
649,Alaska,2003,7.15,5.15,13.0
650,Arizona,2003,0.0,5.15,247.0
651,Arkansas,2003,5.15,5.15,173.0
652,California,2003,6.75,5.15,1472.0
653,Colorado,2003,5.15,5.15,86.0
654,Connecticut,2003,6.9,5.15,147.0
655,Delaware,2003,6.15,5.15,20.0
656,District of Columbia,2003,6.15,5.15,32.0
657,Florida,2003,0.0,5.15,231.0
658,Georgia,2003,5.15,5.15,23.0
659,Guam,2003,5.15,5.15,0.0
660,Hawaii,2003,6.25,5.15,0.0
661,Idaho,2003,5.15,5.15,20.0
662,Illinois,2003,5.15,5.15,208.0
663,Indiana,2003,5.15,5.15,65.0
664,Iowa,2003,5.15,5.15,38.0
665,Kansas,2003,2.65,5.15,49.0
666,Kentucky,2003,5.15,5.15,81.0
667,Louisiana,2003,0.0,5.15,6.0
668,Maine,2003,6.25,5.15,77.0
669,Maryland,2003,5.15,5.15,248.0
670,Massachusetts,2003,6.75,5.15,401.0
671,Michigan,2003,5.15,5.15,421.0
672,Minnesota,2003,4.9,5.15,215.0
673,Mississippi,2003,0.0,5.15,1.0
674,Missouri,2003,5.15,5.15,55.0
675,Montana,2003,4.0,5.15,5.0
676,Nebraska,2003,5.15,5.15,44.0
677,Nevada,2003,5.15,5.15,97.0
678,New Hampshire,2003,5.15,5.15,32.0
679,New Jersey,2003,5.15,5.15,594.0
680,New Mexico,2003,4.25,5.15,11.0
681,New York,2003,5.15,5.15,603.0
682,North Carolina,2003,5.15,5.15,77.0
683,North Dakota,2003,5.15,5.15,10.0
684,Ohio,2003,2.8,5.15,244.0
685,Oklahoma,2003,2.0,5.15,38.0
686,Oregon,2003,6.9,5.15,103.0
687,Pennsylvania,2003,5.15,5.15,118.0
688,Puerto Rico,2003,3.61,5.15,0.0
689,Rhode Island,2003,6.15,5.15,45.0
690,South Carolina,2003,0.0,5.15,64.0
691,South Dakota,2003,5.15,5.15,10.0
692,Tennessee,2003,0.0,5.15,161.0
693,Texas,2003,5.15,5.15,290.0
694,U.S. Virgin Islands,2003,4.3,5.15,0.0
695,Utah,2003,5.15,5.15,60.0
696,Vermont,2003,6.25,5.15,27.0
697,Virginia,2003,5.15,5.15,285.0
698,Washington,2003,7.01,5.15,223.0
699,West Virginia,2003,5.15,5.15,31.0
700,Wisconsin,2003,5.15,5.15,31.0
701,Wyoming,2003,5.15,5.15,12.0
702,Alabama,2004,0.0,5.15,3.0
703,Alaska,2004,7.15,5.15,9.0
704,Arizona,2004,0.0,5.15,225.0
705,Arkansas,2004,5.15,5.15,83.0
706,California,2004,6.75,5.15,1393.0
707,Colorado,2004,5.15,5.15,60.0
708,Connecticut,2004,7.1,5.15,120.0
709,Delaware,2004,6.15,5.15,37.0
710,District of Columbia,2004,6.15,5.15,49.0
711,Florida,2004,0.0,5.15,274.0
712,Georgia,2004,5.15,5.15,29.0
713,Guam,2004,5.15,5.15,0.0
714,Hawaii,2004,6.25,5.15,0.0
715,Idaho,2004,5.15,5.15,37.0
716,Illinois,2004,5.5,5.15,188.0
717,Indiana,2004,5.15,5.15,82.0
718,Iowa,2004,5.15,5.15,27.0
719,Kansas,2004,2.65,5.15,49.0
720,Kentucky,2004,5.15,5.15,71.0
721,Louisiana,2004,0.0,5.15,24.0
722,Maine,2004,6.25,5.15,68.0
723,Maryland,2004,5.15,5.15,245.0
724,Massachusetts,2004,6.75,5.15,358.0
725,Michigan,2004,5.15,5.15,559.0
726,Minnesota,2004,4.9,5.15,239.0
727,Mississippi,2004,0.0,5.15,2.0
728,Missouri,2004,5.15,5.15,71.0
729,Montana,2004,4.0,5.15,50.0
730,Nebraska,2004,5.15,5.15,59.0
731,Nevada,2004,5.15,5.15,81.0
732,New Hampshire,2004,5.15,5.15,49.0
733,New Jersey,2004,5.15,5.15,769.0
734,New Mexico,2004,5.15,5.15,22.0
735,New York,2004,5.15,5.15,386.0
736,North Carolina,2004,5.15,5.15,67.0
737,North Dakota,2004,5.15,5.15,10.0
738,Ohio,2004,2.8,5.15,354.0
739,Oklahoma,2004,2.0,5.15,51.0
740,Oregon,2004,7.05,5.15,155.0
741,Pennsylvania,2004,5.15,5.15,99.0
742,Puerto Rico,2004,3.61,5.15,0.0
743,Rhode Island,2004,6.75,5.15,29.0
744,South Carolina,2004,0.0,5.15,102.0
745,South Dakota,2004,5.15,5.15,7.0
746,Tennessee,2004,0.0,5.15,136.0
747,Texas,2004,5.15,5.15,297.0
748,U.S. Virgin Islands,2004,4.3,5.15,0.0
749,Utah,2004,5.15,5.15,60.0
750,Vermont,2004,6.75,5.15,28.0
751,Virginia,2004,5.15,5.15,310.0
752,Washington,2004,7.16,5.15,175.0
753,West Virginia,2004,5.15,5.15,45.0
754,Wisconsin,2004,5.15,5.15,38.0
755,Wyoming,2004,5.15,5.15,4.0
756,Alabama,2005,0.0,5.15,0.0
757,Alaska,2005,7.15,5.15,4.0
758,Arizona,2005,0.0,5.15,194.0
759,Arkansas,2005,5.15,5.15,135.0
760,California,2005,6.75,5.15,1380.0
761,Colorado,2005,5.15,5.15,125.0
762,Connecticut,2005,7.1,5.15,103.0
763,Delaware,2005,6.15,5.15,49.0
764,District of Columbia,2005,6.6,5.15,49.0
765,Florida,2005,0.0,5.15,231.0
766,Georgia,2005,5.15,5.15,17.0
767,Guam,2005,5.15,5.15,0.0
768,Hawaii,2005,6.25,5.15,0.0
769,Idaho,2005,5.15,5.15,28.0
770,Illinois,2005,6.5,5.15,168.0
771,Indiana,2005,5.15,5.15,54.0
772,Iowa,2005,5.15,5.15,31.0
773,Kansas,2005,2.65,5.15,73.0
774,Kentucky,2005,5.15,5.15,46.0
775,Louisiana,2005,0.0,5.15,17.0
776,Maine,2005,6.35,5.15,57.0
777,Maryland,2005,5.15,5.15,195.0
778,Massachusetts,2005,6.75,5.15,374.0
779,Michigan,2005,5.15,5.15,607.0
780,Minnesota,2005,4.9,5.15,206.0
781,Mississippi,2005,0.0,5.15,0.0
782,Missouri,2005,5.15,5.15,78.0
783,Montana,2005,4.0,5.15,65.0
784,Nebraska,2005,5.15,5.15,71.0
785,Nevada,2005,5.15,5.15,77.0
786,New Hampshire,2005,5.15,5.15,33.0
787,New Jersey,2005,5.15,5.15,738.0
788,New Mexico,2005,5.15,5.15,18.0
789,New York,2005,6.0,5.15,498.0
790,North Carolina,2005,5.15,5.15,89.0
791,North Dakota,2005,5.15,5.15,12.0
792,Ohio,2005,2.8,5.15,191.0
793,Oklahoma,2005,2.0,5.15,41.0
794,Oregon,2005,7.25,5.15,138.0
795,Pennsylvania,2005,5.15,5.15,80.0
796,Puerto Rico,2005,3.61,5.15,0.0
797,Rhode Island,2005,6.75,5.15,15.0
798,South Carolina,2005,0.0,5.15,98.0
799,South Dakota,2005,5.15,5.15,9.0
800,Tennessee,2005,0.0,5.15,120.0
801,Texas,2005,5.15,5.15,264.0
802,U.S. Virgin Islands,2005,4.3,5.15,0.0
803,Utah,2005,5.15,5.15,41.0
804,Vermont,2005,7.0,5.15,34.0
805,Virginia,2005,5.15,5.15,293.0
806,Washington,2005,7.35,5.15,171.0
807,West Virginia,2005,5.15,5.15,46.0
808,Wisconsin,2005,5.15,5.15,45.0
809,Wyoming,2005,5.15,5.15,3.0
810,Alabama,2006,0.0,5.15,0.0
811,Alaska,2006,7.15,5.15,6.0
812,Arizona,2006,0.0,5.15,169.0
813,Arkansas,2006,5.15,5.15,113.0
814,California,2006,6.75,5.15,1297.0
815,Colorado,2006,5.15,5.15,140.0
816,Connecticut,2006,7.4,5.15,127.0
817,Delaware,2006,6.15,5.15,49.0
818,District of Columbia,2006,7.0,5.15,57.0
819,Florida,2006,6.4,5.15,216.0
820,Georgia,2006,5.15,5.15,13.0
821,Guam,2006,5.15,5.15,4.0
822,Hawaii,2006,6.75,5.15,0.0
823,Idaho,2006,5.15,5.15,22.0
824,Illinois,2006,6.5,5.15,156.0
825,Indiana,2006,5.15,5.15,40.0
826,Iowa,2006,5.15,5.15,29.0
827,Kansas,2006,2.65,5.15,111.0
828,Kentucky,2006,5.15,5.15,66.0
829,Louisiana,2006,0.0,5.15,22.0
830,Maine,2006,6.5,5.15,57.0
831,Maryland,2006,5.15,5.15,212.0
832,Massachusetts,2006,6.75,5.15,384.0
833,Michigan,2006,5.15,5.15,614.0
834,Minnesota,2006,5.25,5.15,137.0
835,Mississippi,2006,0.0,5.15,0.0
836,Missouri,2006,5.15,5.15,82.0
837,Montana,2006,4.0,5.15,24.0
838,Nebraska,2006,5.15,5.15,56.0
839,Nevada,2006,5.15,5.15,125.0
840,New Hampshire,2006,5.15,5.15,38.0
841,New Jersey,2006,6.15,5.15,760.0
842,New Mexico,2006,5.15,5.15,20.0
843,New York,2006,6.75,5.15,522.0
844,North Carolina,2006,5.15,5.15,100.0
845,North Dakota,2006,5.15,5.15,16.0
846,Ohio,2006,2.8,5.15,305.0
847,Oklahoma,2006,2.0,5.15,51.0
848,Oregon,2006,7.5,5.15,144.0
849,Pennsylvania,2006,5.15,5.15,87.0
850,Puerto Rico,2006,3.61,5.15,0.0
851,Rhode Island,2006,6.75,5.15,19.0
852,South Carolina,2006,0.0,5.15,82.0
853,South Dakota,2006,5.15,5.15,88.0
854,Tennessee,2006,0.0,5.15,206.0
855,Texas,2006,5.15,5.15,243.0
856,U.S. Virgin Islands,2006,4.3,5.15,0.0
857,Utah,2006,5.15,5.15,37.0
858,Vermont,2006,7.25,5.15,27.0
859,Virginia,2006,5.15,5.15,341.0
860,Washington,2006,7.63,5.15,177.0
861,West Virginia,2006,5.15,5.15,35.0
862,Wisconsin,2006,5.7,5.15,85.0
863,Wyoming,2006,5.15,5.15,5.0
864,Alabama,2007,0.0,5.15,7.0
865,Alaska,2007,7.15,5.15,8.0
866,Arizona,2007,6.75,5.15,161.0
867,Arkansas,2007,6.25,5.15,33.0
868,California,2007,7.5,5.15,1400.0
869,Colorado,2007,6.85,5.15,158.0
870,Connecticut,2007,7.65,5.15,144.0
871,Delaware,2007,6.65,5.15,49.0
872,District of Columbia,2007,7.0,5.15,41.0
873,Florida,2007,6.67,5.15,166.0
874,Georgia,2007,5.15,5.15,13.0
875,Guam,2007,5.15,5.15,0.0
876,Hawaii,2007,7.25,5.15,0.0
877,Idaho,2007,5.15,5.15,38.0
878,Illinois,2007,7.5,5.15,167.0
879,Indiana,2007,5.15,5.15,41.0
880,Iowa,2007,5.15,5.15,28.0
881,Kansas,2007,2.65,5.15,111.0
882,Kentucky,2007,5.15,5.15,49.0
883,Louisiana,2007,0.0,5.15,31.0
884,Maine,2007,6.75,5.15,72.0
885,Maryland,2007,6.15,5.15,151.0
886,Massachusetts,2007,7.5,5.15,353.0
887,Michigan,2007,6.95,5.15,636.0
888,Minnesota,2007,5.25,5.15,157.0
889,Mississippi,2007,0.0,5.15,0.0
890,Missouri,2007,6.5,5.15,114.0
891,Montana,2007,4.0,5.15,21.0
892,Nebraska,2007,5.15,5.15,45.0
893,Nevada,2007,6.15,5.15,63.0
894,New Hampshire,2007,5.15,5.15,48.0
895,New Jersey,2007,7.15,5.15,748.0
896,New Mexico,2007,5.15,5.15,14.0
897,New York,2007,7.15,5.15,498.0
898,North Carolina,2007,6.15,5.15,75.0
899,North Dakota,2007,5.15,5.15,14.0
900,Ohio,2007,6.85,5.15,306.0
901,Oklahoma,2007,2.0,5.15,30.0
902,Oregon,2007,7.8,5.15,169.0
903,Pennsylvania,2007,6.25,5.15,78.0
904,Puerto Rico,2007,3.61,5.15,0.0
905,Rhode Island,2007,7.4,5.15,49.0
906,South Carolina,2007,0.0,5.15,117.0
907,South Dakota,2007,5.15,5.15,37.0
908,Tennessee,2007,0.0,5.15,239.0
909,Texas,2007,5.15,5.15,242.0
910,U.S. Virgin Islands,2007,4.3,5.15,0.0
911,Utah,2007,5.15,5.15,57.0
912,Vermont,2007,7.53,5.15,21.0
913,Virginia,2007,5.15,5.15,296.0
914,Washington,2007,7.93,5.15,196.0
915,West Virginia,2007,5.85,5.15,44.0
916,Wisconsin,2007,6.5,5.15,69.0
917,Wyoming,2007,5.15,5.15,21.0
918,Alabama,2008,0.0,5.85,11.0
919,Alaska,2008,7.15,5.85,8.0
920,Arizona,2008,6.9,5.85,185.0
921,Arkansas,2008,6.25,5.85,92.0
922,California,2008,8.0,5.85,1382.0
923,Colorado,2008,7.02,5.85,164.0
924,Connecticut,2008,7.65,5.85,179.0
925,Delaware,2008,7.15,5.85,62.0
926,District of Columbia,2008,7.0,5.85,42.0
927,Florida,2008,6.79,5.85,153.0
928,Georgia,2008,5.15,5.85,12.0
929,Guam,2008,5.85,5.85,0.0
930,Hawaii,2008,7.25,5.85,0.0
931,Idaho,2008,5.85,5.85,30.0
932,Illinois,2008,7.75,5.85,120.0
933,Indiana,2008,5.85,5.85,61.0
934,Iowa,2008,7.25,5.85,33.0
935,Kansas,2008,2.65,5.85,115.0
936,Kentucky,2008,5.85,5.85,79.0
937,Louisiana,2008,0.0,5.85,67.0
938,Maine,2008,7.0,5.85,63.0
939,Maryland,2008,6.15,5.85,100.0
940,Massachusetts,2008,8.0,5.85,336.0
941,Michigan,2008,7.15,5.85,577.0
942,Minnesota,2008,5.25,5.85,164.0
943,Mississippi,2008,0.0,5.85,4.0
944,Missouri,2008,6.65,5.85,99.0
945,Montana,2008,4.0,5.85,28.0
946,Nebraska,2008,5.85,5.85,100.0
947,Nevada,2008,6.33,5.85,94.0
948,New Hampshire,2008,6.5,5.85,45.0
949,New Jersey,2008,7.15,5.85,744.0
950,New Mexico,2008,6.5,5.85,9.0
951,New York,2008,7.15,5.85,605.0
952,North Carolina,2008,6.15,5.85,124.0
953,North Dakota,2008,5.85,5.85,16.0
954,Ohio,2008,7.0,5.85,355.0
955,Oklahoma,2008,2.0,5.85,54.0
956,Oregon,2008,7.95,5.85,191.0
957,Pennsylvania,2008,7.15,5.85,70.0
958,Puerto Rico,2008,3.61,5.85,0.0
959,Rhode Island,2008,7.4,5.85,35.0
960,South Carolina,2008,0.0,5.85,154.0
961,South Dakota,2008,5.85,5.85,44.0
962,Tennessee,2008,0.0,5.85,270.0
963,Texas,2008,5.85,5.85,247.0
964,U.S. Virgin Islands,2008,4.3,5.85,0.0
965,Utah,2008,5.85,5.85,40.0
966,Vermont,2008,7.68,5.85,22.0
967,Virginia,2008,5.85,5.85,267.0
968,Washington,2008,8.07,5.85,240.0
969,West Virginia,2008,6.55,5.85,46.0
970,Wisconsin,2008,6.5,5.85,95.0
971,Wyoming,2008,5.15,5.85,6.0
972,Alabama,2009,0.0,6.55,9.0
973,Alaska,2009,7.15,6.55,9.0
974,Arizona,2009,7.25,6.55,219.0
975,Arkansas,2009,6.25,6.55,75.0
976,California,2009,8.0,6.55,1018.0
977,Colorado,2009,7.28,6.55,208.0
978,Connecticut,2009,8.0,6.55,200.0
979,Delaware,2009,7.15,6.55,37.0
980,District of Columbia,2009,7.55,6.55,37.0
981,Florida,2009,7.21,6.55,130.0
982,Georgia,2009,5.15,6.55,11.0
983,Guam,2009,5.85,6.55,0.0
984,Hawaii,2009,7.25,6.55,0.0
985,Idaho,2009,6.55,6.55,35.0
986,Illinois,2009,8.0,6.55,129.0
987,Indiana,2009,6.55,6.55,55.0
988,Iowa,2009,7.25,6.55,17.0
989,Kansas,2009,2.65,6.55,122.0
990,Kentucky,2009,6.55,6.55,153.0
991,Louisiana,2009,0.0,6.55,13.0
992,Maine,2009,7.25,6.55,50.0
993,Maryland,2009,6.55,6.55,102.0
994,Massachusetts,2009,8.0,6.55,317.0
995,Michigan,2009,7.4,6.55,315.0
996,Minnesota,2009,5.25,6.55,153.0
997,Mississippi,2009,0.0,6.55,2.0
998,Missouri,2009,7.05,6.55,125.0
999,Montana,2009,4.0,6.55,28.0
1000,Nebraska,2009,6.55,6.55,78.0
1001,Nevada,2009,6.55,6.55,48.0
1002,New Hampshire,2009,7.25,6.55,26.0
1003,New Jersey,2009,7.15,6.55,549.0
1004,New Mexico,2009,7.5,6.55,15.0
1005,New York,2009,7.15,6.55,641.0
1006,North Carolina,2009,6.55,6.55,103.0
1007,North Dakota,2009,6.55,6.55,14.0
1008,Ohio,2009,7.3,6.55,303.0
1009,Oklahoma,2009,2.0,6.55,60.0
1010,Oregon,2009,8.4,6.55,131.0
1011,Pennsylvania,2009,7.15,6.55,36.0
1012,Puerto Rico,2009,4.1,6.55,0.0
1013,Rhode Island,2009,7.4,6.55,35.0
1014,South Carolina,2009,0.0,6.55,109.0
1015,South Dakota,2009,6.55,6.55,42.0
1016,Tennessee,2009,0.0,6.55,171.0
1017,Texas,2009,6.55,6.55,165.0
1018,U.S. Virgin Islands,2009,4.3,6.55,0.0
1019,Utah,2009,6.55,6.55,49.0
1020,Vermont,2009,8.06,6.55,24.0
1021,Virginia,2009,6.55,6.55,150.0
1022,Washington,2009,8.55,6.55,208.0
1023,West Virginia,2009,7.25,6.55,25.0
1024,Wisconsin,2009,6.5,6.55,54.0
1025,Wyoming,2009,5.15,6.55,8.0
1026,Alabama,2010,0.0,7.25,19.0
1027,Alaska,2010,7.75,7.25,7.0
1028,Arizona,2010,7.25,7.25,236.0
1029,Arkansas,2010,6.25,7.25,64.0
1030,California,2010,8.0,7.25,1092.0
1031,Colorado,2010,7.24,7.25,154.0
1032,Connecticut,2010,8.25,7.25,147.0
1033,Delaware,2010,7.25,7.25,20.0
1034,District of Columbia,2010,8.25,7.25,58.0
1035,Florida,2010,7.25,7.25,136.0
1036,Georgia,2010,5.15,7.25,17.0
1037,Guam,2010,7.25,7.25,0.0
1038,Hawaii,2010,7.25,7.25,0.0
1039,Idaho,2010,7.25,7.25,28.0
1040,Illinois,2010,8.25,7.25,94.0
1041,Indiana,2010,7.25,7.25,94.0
1042,Iowa,2010,7.25,7.25,17.0
1043,Kansas,2010,7.25,7.25,58.0
1044,Kentucky,2010,7.25,7.25,173.0
1045,Louisiana,2010,0.0,7.25,13.0
1046,Maine,2010,7.5,7.25,61.0
1047,Maryland,2010,7.25,7.25,80.0
1048,Massachusetts,2010,8.0,7.25,316.0
1049,Michigan,2010,7.4,7.25,304.0
1050,Minnesota,2010,5.25,7.25,127.0
1051,Mississippi,2010,0.0,7.25,11.0
1052,Missouri,2010,7.25,7.25,142.0
1053,Montana,2010,4.0,7.25,31.0
1054,Nebraska,2010,7.25,7.25,61.0
1055,Nevada,2010,6.55,7.25,68.0
1056,New Hampshire,2010,7.25,7.25,31.0
1057,New Jersey,2010,7.25,7.25,543.0
1058,New Mexico,2010,7.5,7.25,24.0
1059,New York,2010,7.25,7.25,699.0
1060,North Carolina,2010,7.25,7.25,94.0
1061,North Dakota,2010,7.25,7.25,8.0
1062,Ohio,2010,7.3,7.25,247.0
1063,Oklahoma,2010,2.0,7.25,49.0
1064,Oregon,2010,8.4,7.25,134.0
1065,Pennsylvania,2010,7.25,7.25,57.0
1066,Puerto Rico,2010,0.0,7.25,0.0
1067,Rhode Island,2010,7.4,7.25,20.0
1068,South Carolina,2010,0.0,7.25,109.0
1069,South Dakota,2010,7.25,7.25,51.0
1070,Tennessee,2010,0.0,7.25,147.0
1071,Texas,2010,7.25,7.25,174.0
1072,U.S. Virgin Islands,2010,4.3,7.25,0.0
1073,Utah,2010,7.25,7.25,63.0
1074,Vermont,2010,8.06,7.25,17.0
1075,Virginia,2010,7.25,7.25,175.0
1076,Washington,2010,8.55,7.25,232.0
1077,West Virginia,2010,7.25,7.25,33.0
1078,Wisconsin,2010,7.25,7.25,93.0
1079,Wyoming,2010,5.15,7.25,2.0
1080,Alabama,2011,0.0,7.25,83.0
1081,Alaska,2011,7.75,7.25,8.0
1082,Arizona,2011,7.35,7.25,193.0
1083,Arkansas,2011,6.25,7.25,36.0
1084,California,2011,8.0,7.25,1040.0
1085,Colorado,2011,7.36,7.25,186.0
1086,Connecticut,2011,8.25,7.25,142.0
1087,Delaware,2011,7.25,7.25,16.0
1088,District of Columbia,2011,8.25,7.25,83.0
1089,Florida,2011,7.25,7.25,123.0
1090,Georgia,2011,5.15,7.25,17.0
1091,Guam,2011,7.25,7.25,0.0
1092,Hawaii,2011,7.25,7.25,0.0
1093,Idaho,2011,7.25,7.25,37.0
1094,Illinois,2011,8.25,7.25,69.0
1095,Indiana,2011,7.25,7.25,101.0
1096,Iowa,2011,7.25,7.25,15.0
1097,Kansas,2011,7.25,7.25,69.0
1098,Kentucky,2011,7.25,7.25,157.0
1099,Louisiana,2011,0.0,7.25,5.0
1100,Maine,2011,7.5,7.25,55.0
1101,Maryland,2011,7.25,7.25,49.0
1102,Massachusetts,2011,8.0,7.25,368.0
1103,Michigan,2011,7.4,7.25,378.0
1104,Minnesota,2011,5.25,7.25,148.0
1105,Mississippi,2011,0.0,7.25,1.0
1106,Missouri,2011,7.25,7.25,121.0
1107,Montana,2011,4.0,7.25,23.0
1108,Nebraska,2011,7.25,7.25,36.0
1109,Nevada,2011,7.25,7.25,59.0
1110,New Hampshire,2011,7.25,7.25,22.0
1111,New Jersey,2011,7.25,7.25,508.0
1112,New Mexico,2011,7.5,7.25,28.0
1113,New York,2011,7.25,7.25,545.0
1114,North Carolina,2011,7.25,7.25,112.0
1115,North Dakota,2011,7.25,7.25,27.0
1116,Ohio,2011,7.4,7.25,250.0
1117,Oklahoma,2011,2.0,7.25,30.0
1118,Oregon,2011,8.5,7.25,130.0
1119,Pennsylvania,2011,7.25,7.25,19.0
1120,Puerto Rico,2011,0.0,7.25,0.0
1121,Rhode Island,2011,7.4,7.25,25.0
1122,South Carolina,2011,0.0,7.25,124.0
1123,South Dakota,2011,7.25,7.25,22.0
1124,Tennessee,2011,0.0,7.25,148.0
1125,Texas,2011,7.25,7.25,153.0
1126,U.S. Virgin Islands,2011,4.3,7.25,0.0
1127,Utah,2011,7.25,7.25,69.0
1128,Vermont,2011,8.15,7.25,9.0
1129,Virginia,2011,7.25,7.25,147.0
1130,Washington,2011,8.67,7.25,213.0
1131,West Virginia,2011,7.25,7.25,19.0
1132,Wisconsin,2011,7.25,7.25,80.0
1133,Wyoming,2011,5.15,7.25,2.0
1134,Alabama,2012,0.0,7.25,6.0
1135,Alaska,2012,7.75,7.25,6.0
1136,Arizona,2012,7.65,7.25,176.0
1137,Arkansas,2012,6.25,7.25,51.0
1138,California,2012,8.0,7.25,910.0
1139,Colorado,2012,7.64,7.25,189.0
1140,Connecticut,2012,8.25,7.25,149.0
1141,Delaware,2012,7.25,7.25,10.0
1142,District of Columbia,2012,8.25,7.25,72.0
1143,Florida,2012,7.67,7.25,144.0
1144,Georgia,2012,5.15,7.25,21.0
1145,Guam,2012,7.25,7.25,0.0
1146,Hawaii,2012,7.25,7.25,0.0
1147,Idaho,2012,7.25,7.25,35.0
1148,Illinois,2012,8.25,7.25,85.0
1149,Indiana,2012,7.25,7.25,37.0
1150,Iowa,2012,7.25,7.25,8.0
1151,Kansas,2012,7.25,7.25,84.0
1152,Kentucky,2012,7.25,7.25,204.0
1153,Louisiana,2012,0.0,7.25,4.0
1154,Maine,2012,7.5,7.25,52.0
1155,Maryland,2012,7.25,7.25,35.0
1156,Massachusetts,2012,8.0,7.25,290.0
1157,Michigan,2012,7.4,7.25,634.0
1158,Minnesota,2012,5.25,7.25,72.0
1159,Mississippi,2012,0.0,7.25,18.0
1160,Missouri,2012,7.25,7.25,104.0
1161,Montana,2012,4.0,7.25,36.0
1162,Nebraska,2012,7.25,7.25,9.0
1163,Nevada,2012,7.25,7.25,91.0
1164,New Hampshire,2012,7.25,7.25,30.0
1165,New Jersey,2012,7.25,7.25,505.0
1166,New Mexico,2012,7.5,7.25,2.0
1167,New York,2012,7.25,7.25,720.0
1168,North Carolina,2012,7.25,7.25,119.0
1169,North Dakota,2012,7.25,7.25,42.0
1170,Ohio,2012,7.7,7.25,264.0
1171,Oklahoma,2012,2.0,7.25,21.0
1172,Oregon,2012,8.8,7.25,52.0
1173,Pennsylvania,2012,7.25,7.25,38.0
1174,Puerto Rico,2012,0.0,7.25,0.0
1175,Rhode Island,2012,7.4,7.25,12.0
1176,South Carolina,2012,0.0,7.25,104.0
1177,South Dakota,2012,7.25,7.25,30.0
1178,Tennessee,2012,0.0,7.25,321.0
1179,Texas,2012,7.25,7.25,175.0
1180,U.S. Virgin Islands,2012,4.3,7.25,0.0
1181,Utah,2012,7.25,7.25,102.0
1182,Vermont,2012,8.46,7.25,14.0
1183,Virginia,2012,7.25,7.25,138.0
1184,Washington,2012,9.04,7.25,274.0
1185,West Virginia,2012,7.25,7.25,27.0
1186,Wisconsin,2012,7.25,7.25,70.0
1187,Wyoming,2012,5.15,7.25,2.0
1188,Alabama,2013,0.0,7.25,6.0
1189,Alaska,2013,7.75,7.25,8.0
1190,Arizona,2013,7.8,7.25,201.0
1191,Arkansas,2013,6.25,7.25,27.0
1192,California,2013,8.0,7.25,842.0
1193,Colorado,2013,7.78,7.25,129.0
1194,Connecticut,2013,8.25,7.25,144.0
1195,Delaware,2013,7.25,7.25,13.0
1196,District of Columbia,2013,8.25,7.25,72.0
1197,Florida,2013,7.79,7.25,119.0
1198,Georgia,2013,5.15,7.25,57.0
1199,Guam,2013,7.25,7.25,0.0
1200,Hawaii,2013,7.25,7.25,0.0
1201,Idaho,2013,7.25,7.25,32.0
1202,Illinois,2013,8.25,7.25,107.0
1203,Indiana,2013,7.25,7.25,75.0
1204,Iowa,2013,7.25,7.25,10.0
1205,Kansas,2013,7.25,7.25,68.0
1206,Kentucky,2013,7.25,7.25,172.0
1207,Louisiana,2013,0.0,7.25,24.0
1208,Maine,2013,7.5,7.25,25.0
1209,Maryland,2013,7.25,7.25,51.0
1210,Massachusetts,2013,8.0,7.25,351.0
1211,Michigan,2013,7.4,7.25,333.0
1212,Minnesota,2013,5.25,7.25,144.0
1213,Mississippi,2013,0.0,7.25,4.0
1214,Missouri,2013,7.35,7.25,105.0
1215,Montana,2013,4.0,7.25,36.0
1216,Nebraska,2013,7.25,7.25,33.0
1217,Nevada,2013,7.25,7.25,73.0
1218,New Hampshire,2013,7.25,7.25,23.0
1219,New Jersey,2013,7.25,7.25,414.0
1220,New Mexico,2013,7.5,7.25,12.0
1221,New York,2013,7.25,7.25,615.0
1222,North Carolina,2013,7.25,7.25,118.0
1223,North Dakota,2013,7.25,7.25,51.0
1224,Ohio,2013,7.85,7.25,341.0
1225,Oklahoma,2013,2.0,7.25,43.0
1226,Oregon,2013,8.95,7.25,68.0
1227,Pennsylvania,2013,7.25,7.25,56.0
1228,Puerto Rico,2013,0.0,7.25,0.0
1229,Rhode Island,2013,7.75,7.25,7.0
1230,South Carolina,2013,0.0,7.25,52.0
1231,South Dakota,2013,7.25,7.25,21.0
1232,Tennessee,2013,0.0,7.25,205.0
1233,Texas,2013,7.25,7.25,142.0
1234,U.S. Virgin Islands,2013,4.3,7.25,0.0
1235,Utah,2013,7.25,7.25,76.0
1236,Vermont,2013,8.6,7.25,13.0
1237,Virginia,2013,7.25,7.25,123.0
1238,Washington,2013,9.19,7.25,294.0
1239,West Virginia,2013,7.25,7.25,58.0
1240,Wisconsin,2013,7.25,7.25,50.0
1241,Wyoming,2013,5.15,7.25,1.0
1242,Alabama,2014,0.0,7.25,9.0
1243,Alaska,2014,7.75,7.25,6.0
1244,Arizona,2014,7.9,7.25,265.0
1245,Arkansas,2014,6.25,7.25,11.0
1246,California,2014,9.0,7.25,759.0
1247,Colorado,2014,8.0,7.25,94.0
1248,Connecticut,2014,8.7,7.25,125.0
1249,Delaware,2014,7.75,7.25,13.0
1250,District of Columbia,2014,9.5,7.25,70.0
1251,Florida,2014,7.93,7.25,65.0
1252,Georgia,2014,5.15,7.25,41.0
1253,Guam,2014,7.25,7.25,0.0
1254,Hawaii,2014,7.25,7.25,0.0
1255,Idaho,2014,7.25,7.25,26.0
1256,Illinois,2014,8.25,7.25,109.0
1257,Indiana,2014,7.25,7.25,51.0
1258,Iowa,2014,7.25,7.25,11.0
1259,Kansas,2014,7.25,7.25,75.0
1260,Kentucky,2014,7.25,7.25,165.0
1261,Louisiana,2014,0.0,7.25,9.0
1262,Maine,2014,7.5,7.25,28.0
1263,Maryland,2014,7.25,7.25,16.0
1264,Massachusetts,2014,8.0,7.25,376.0
1265,Michigan,2014,8.15,7.25,320.0
1266,Minnesota,2014,6.5,7.25,98.0
1267,Mississippi,2014,0.0,7.25,2.0
1268,Missouri,2014,7.5,7.25,76.0
1269,Montana,2014,7.9,7.25,35.0
1270,Nebraska,2014,7.25,7.25,47.0
1271,Nevada,2014,7.25,7.25,24.0
1272,New Hampshire,2014,7.25,7.25,15.0
1273,New Jersey,2014,8.25,7.25,336.0
1274,New Mexico,2014,7.5,7.25,13.0
1275,New York,2014,8.0,7.25,545.0
1276,North Carolina,2014,7.25,7.25,140.0
1277,North Dakota,2014,7.25,7.25,41.0
1278,Ohio,2014,7.25,7.25,421.0
1279,Oklahoma,2014,2.0,7.25,31.0
1280,Oregon,2014,9.1,7.25,66.0
1281,Pennsylvania,2014,7.25,7.25,54.0
1282,Puerto Rico,2014,5.08,7.25,0.0
1283,Rhode Island,2014,8.0,7.25,5.0
1284,South Carolina,2014,0.0,7.25,53.0
1285,South Dakota,2014,7.25,7.25,18.0
1286,Tennessee,2014,0.0,7.25,198.0
1287,Texas,2014,7.25,7.25,158.0
1288,U.S. Virgin Islands,2014,4.3,7.25,0.0
1289,Utah,2014,7.25,7.25,55.0
1290,Vermont,2014,8.73,7.25,15.0
1291,Virginia,2014,7.25,7.25,123.0
1292,Washington,2014,9.32,7.25,304.0
1293,West Virginia,2014,7.25,7.25,29.0
1294,Wisconsin,2014,7.25,7.25,53.0
1295,Wyoming,2014,5.15,7.25,0.0
1296,Alabama,2015,0.0,7.25,10.0
1297,Alaska,2015,8.75,7.25,8.0
1298,Arizona,2015,8.05,7.25,276.0
1299,Arkansas,2015,7.5,7.25,6.0
1300,California,2015,9.0,7.25,837.0
1301,Colorado,2015,8.23,7.25,107.0
1302,Connecticut,2015,9.15,7.25,93.0
1303,Delaware,2015,8.25,7.25,11.0
1304,District of Columbia,2015,10.5,7.25,65.0
1305,Florida,2015,8.05,7.25,72.0
1306,Georgia,2015,5.15,7.25,44.0
1307,Guam,2015,8.25,7.25,1.0
1308,Hawaii,2015,7.75,7.25,0.0
1309,Idaho,2015,7.25,7.25,34.0
1310,Illinois,2015,8.25,7.25,90.0
1311,Indiana,2015,7.25,7.25,63.0
1312,Iowa,2015,7.25,7.25,6.0
1313,Kansas,2015,7.25,7.25,62.0
1314,Kentucky,2015,7.25,7.25,188.0
1315,Louisiana,2015,0.0,7.25,40.0
1316,Maine,2015,7.5,7.25,38.0
1317,Maryland,2015,8.25,7.25,41.0
1318,Massachusetts,2015,9.0,7.25,416.0
1319,Michigan,2015,8.15,7.25,309.0
1320,Minnesota,2015,7.25,7.25,109.0
1321,Mississippi,2015,0.0,7.25,0.0
1322,Missouri,2015,7.65,7.25,100.0
1323,Montana,2015,8.05,7.25,45.0
1324,Nebraska,2015,8.0,7.25,19.0
1325,Nevada,2015,7.25,7.25,58.0
1326,New Hampshire,2015,7.25,7.25,13.0
1327,New Jersey,2015,8.38,7.25,330.0
1328,New Mexico,2015,7.5,7.25,13.0
1329,New York,2015,8.75,7.25,500.0
1330,North Carolina,2015,7.25,7.25,161.0
1331,North Dakota,2015,7.25,7.25,36.0
1332,Ohio,2015,7.25,7.25,416.0
1333,Oklahoma,2015,2.0,7.25,37.0
1334,Oregon,2015,9.25,7.25,88.0
1335,Pennsylvania,2015,7.25,7.25,57.0
1336,Puerto Rico,2015,5.08,7.25,0.0
1337,Rhode Island,2015,9.0,7.25,18.0
1338,South Carolina,2015,0.0,7.25,57.0
1339,South Dakota,2015,8.5,7.25,16.0
1340,Tennessee,2015,0.0,7.25,221.0
1341,Texas,2015,7.25,7.25,191.0
1342,U.S. Virgin Islands,2015,4.3,7.25,0.0
1343,Utah,2015,7.25,7.25,47.0
1344,Vermont,2015,9.15,7.25,8.0
1345,Virginia,2015,7.25,7.25,158.0
1346,Washington,2015,9.47,7.25,275.0
1347,West Virginia,2015,8.0,7.25,42.0
1348,Wisconsin,2015,7.25,7.25,45.0
1349,Wyoming,2015,5.15,7.25,2.0
1350,Alabama,2016,0.0,7.25,14.0
1351,Alaska,2016,9.75,7.25,11.0
1352,Arizona,2016,8.05,7.25,217.0
1353,Arkansas,2016,8.0,7.25,12.0
1354,California,2016,10.0,7.25,931.0
1355,Colorado,2016,8.31,7.25,105.0
1356,Connecticut,2016,9.6,7.25,108.0
1357,Delaware,2016,8.25,7.25,15.0
1358,District of Columbia,2016,11.5,7.25,115.0
1359,Florida,2016,8.05,7.25,110.0
1360,Georgia,2016,5.15,7.25,39.0
1361,Guam,2016,8.25,7.25,0.0
1362,Hawaii,2016,8.5,7.25,0.0
1363,Idaho,2016,7.25,7.25,27.0
1364,Illinois,2016,8.25,7.25,111.0
1365,Indiana,2016,7.25,7.25,79.0
1366,Iowa,2016,7.25,7.25,17.0
1367,Kansas,2016,7.25,7.25,52.0
1368,Kentucky,2016,7.25,7.25,214.0
1369,Louisiana,2016,0.0,7.25,26.0
1370,Maine,2016,7.5,7.25,41.0
1371,Maryland,2016,8.75,7.25,39.0
1372,Massachusetts,2016,10.0,7.25,399.0
1373,Michigan,2016,8.5,7.25,406.0
1374,Minnesota,2016,7.25,7.25,119.0
1375,Mississippi,2016,0.0,7.25,20.0
1376,Missouri,2016,7.65,7.25,89.0
1377,Montana,2016,8.05,7.25,21.0
1378,Nebraska,2016,9.0,7.25,31.0
1379,Nevada,2016,7.25,7.25,41.0
1380,New Hampshire,2016,7.25,7.25,29.0
1381,New Jersey,2016,8.38,7.25,282.0
1382,New Mexico,2016,7.5,7.25,26.0
1383,New York,2016,9.0,7.25,595.0
1384,North Carolina,2016,7.25,7.25,148.0
1385,North Dakota,2016,7.25,7.25,13.0
1386,Ohio,2016,7.25,7.25,471.0
1387,Oklahoma,2016,2.0,7.25,35.0
1388,Oregon,2016,9.75,7.25,107.0
1389,Pennsylvania,2016,7.25,7.25,68.0
1390,Puerto Rico,2016,5.08,7.25,0.0
1391,Rhode Island,2016,9.6,7.25,12.0
1392,South Carolina,2016,0.0,7.25,30.0
1393,South Dakota,2016,8.55,7.25,18.0
1394,Tennessee,2016,0.0,7.25,149.0
1395,Texas,2016,7.25,7.25,179.0
1396,U.S. Virgin Islands,2016,4.3,7.25,0.0
1397,Utah,2016,7.25,7.25,67.0
1398,Vermont,2016,9.6,7.25,25.0
1399,Virginia,2016,7.25,7.25,127.0
1400,Washington,2016,9.47,7.25,395.0
1401,West Virginia,2016,8.75,7.25,41.0
1402,Wisconsin,2016,7.25,7.25,39.0
1403,Wyoming,2016,5.15,7.25,3.0
1404,Alabama,2017,0.0,7.25,14.0
1405,Alaska,2017,9.8,7.25,4.0
1406,Arizona,2017,10.0,7.25,264.0
1407,Arkansas,2017,8.5,7.25,24.0
1408,California,2017,10.0,7.25,1094.0
1409,Colorado,2017,9.3,7.25,77.0
1410,Connecticut,2017,10.1,7.25,110.0
1411,Delaware,2017,8.25,7.25,29.0
1412,District of Columbia,2017,11.5,7.25,194.0
1413,Florida,2017,8.1,7.25,145.0
1414,Georgia,2017,5.15,7.25,27.0
1415,Guam,2017,8.25,7.25,0.0
1416,Hawaii,2017,9.25,7.25,0.0
1417,Idaho,2017,7.25,7.25,43.0
1418,Illinois,2017,8.25,7.25,85.0
1419,Indiana,2017,7.25,7.25,97.0
1420,Iowa,2017,7.25,7.25,10.0
1421,Kansas,2017,7.25,7.25,77.0
1422,Kentucky,2017,7.25,7.25,380.0
1423,Louisiana,2017,0.0,7.25,42.0
1424,Maine,2017,9.0,7.25,32.0
1425,Maryland,2017,8.75,7.25,102.0
1426,Massachusetts,2017,11.0,7.25,432.0
1427,Michigan,2017,8.9,7.25,452.0
1428,Minnesota,2017,7.75,7.25,144.0
1429,Mississippi,2017,0.0,7.25,49.0
1430,Missouri,2017,7.7,7.25,104.0
1431,Montana,2017,8.15,7.25,21.0
1432,Nebraska,2017,9.0,7.25,40.0
1433,Nevada,2017,7.25,7.25,5.0
1434,New Hampshire,2017,7.25,7.25,14.0
1435,New Jersey,2017,8.44,7.25,504.0
1436,New Mexico,2017,7.5,7.25,7.0
1437,New York,2017,9.7,7.25,554.0
1438,North Carolina,2017,7.25,7.25,166.0
1439,North Dakota,2017,7.25,7.25,15.0
1440,Ohio,2017,8.15,7.25,387.0
1441,Oklahoma,2017,2.0,7.25,29.0
1442,Oregon,2017,9.75,7.25,148.0
1443,Pennsylvania,2017,7.25,7.25,76.0
1444,Puerto Rico,2017,5.08,7.25,0.0
1445,Rhode Island,2017,9.6,7.25,11.0
1446,South Carolina,2017,0.0,7.25,83.0
1447,South Dakota,2017,8.65,7.25,15.0
1448,Tennessee,2017,0.0,7.25,136.0
1449,Texas,2017,7.25,7.25,184.0
1450,U.S. Virgin Islands,2017,4.3,7.25,0.0
1451,Utah,2017,7.25,7.25,47.0
1452,Vermont,2017,10.0,7.25,31.0
1453,Virginia,2017,7.25,7.25,213.0
1454,Washington,2017,11.0,7.25,511.0
1455,West Virginia,2017,8.75,7.25,38.0
1456,Wisconsin,2017,7.25,7.25,47.0
1457,Wyoming,2017,5.15,7.25,4.0
1458,Alabama,2018,0.0,7.25,2.0
1459,Alaska,2018,9.84,7.25,7.0
1460,Arizona,2018,10.5,7.25,169.0
1461,Arkansas,2018,8.5,7.25,23.0
1462,California,2018,11.0,7.25,1075.0
1463,Colorado,2018,10.2,7.25,95.0
1464,Connecticut,2018,10.1,7.25,82.0
1465,Delaware,2018,8.25,7.25,21.0
1466,District of Columbia,2018,13.25,7.25,213.0
1467,Florida,2018,8.25,7.25,143.0
1468,Georgia,2018,5.15,7.25,37.0
1469,Guam,2018,8.25,7.25,0.0
1470,Hawaii,2018,10.1,7.25,44.0
1471,Idaho,2018,7.25,7.25,24.0
1472,Illinois,2018,8.25,7.25,108.0
1473,Indiana,2018,7.25,7.25,101.0
1474,Iowa,2018,7.25,7.25,15.0
1475,Kansas,2018,7.25,7.25,74.0
1476,Kentucky,2018,7.25,7.25,243.0
1477,Louisiana,2018,0.0,7.25,47.0
1478,Maine,2018,10.0,7.25,20.0
1479,Maryland,2018,10.1,7.25,51.0
1480,Massachusetts,2018,11.0,7.25,352.0
1481,Michigan,2018,9.25,7.25,437.0
1482,Minnesota,2018,8.04,7.25,126.0
1483,Mississippi,2018,0.0,7.25,10.0
1484,Missouri,2018,7.85,7.25,74.0
1485,Montana,2018,8.3,7.25,11.0
1486,Nebraska,2018,9.0,7.25,38.0
1487,Nevada,2018,7.25,7.25,33.0
1488,New Hampshire,2018,7.25,7.25,13.0
1489,New Jersey,2018,8.6,7.25,569.0
1490,New Mexico,2018,7.5,7.25,52.0
1491,New York,2018,10.4,7.25,525.0
1492,North Carolina,2018,7.25,7.25,141.0
1493,North Dakota,2018,7.25,7.25,10.0
1494,Ohio,2018,8.3,7.25,365.0
1495,Oklahoma,2018,2.0,7.25,31.0
1496,Oregon,2018,10.75,7.25,137.0
1497,Pennsylvania,2018,7.25,7.25,66.0
1498,Puerto Rico,2018,5.08,7.25,0.0
1499,Rhode Island,2018,10.1,7.25,13.0
1500,South Carolina,2018,0.0,7.25,68.0
1501,South Dakota,2018,8.85,7.25,20.0
1502,Tennessee,2018,0.0,7.25,168.0
1503,Texas,2018,7.25,7.25,407.0
1504,U.S. Virgin Islands,2018,4.3,7.25,0.0
1505,Utah,2018,7.25,7.25,48.0
1506,Vermont,2018,10.5,7.25,45.0
1507,Virginia,2018,7.25,7.25,150.0
1508,Washington,2018,11.5,7.25,521.0
1509,West Virginia,2018,8.75,7.25,95.0
1510,Wisconsin,2018,7.25,7.25,53.0
1511,Wyoming,2018,5.15,7.25,0.0
